{"train accuracy": 0.8980208333333334, "validation accuracy": 0.8723333333333333, "train loss": 0.301630235643576, "val loss": 0.367466415704777, "_runtime": 526, "_timestamp": 1615408081, "_step": 9}