{"train accuracy": 0.1, "validation accuracy": 0.1, "train loss": 2.0678386596486793, "val loss": 2.064432879725111, "_runtime": 705, "_timestamp": 1615403198, "_step": 9}