{"train accuracy": 0.8683333333333333, "validation accuracy": 0.8520833333333333, "train loss": 0.6735696414110962, "val loss": 0.772628033451522, "_runtime": 440, "_timestamp": 1615404172, "_step": 4}