{"train accuracy": 0.09988888888888889, "validation accuracy": 0.0985, "train loss": 1.9960672657549017, "val loss": 1.996200718795203, "_runtime": 341, "_timestamp": 1615403580, "_step": 4}