{"train accuracy": 0.3226875, "validation accuracy": 0.31475, "train loss": 12.435829606907811, "val loss": 12.575604838762743, "_runtime": 449, "_timestamp": 1615405369, "_step": 4}