{"train accuracy": 0.8685833333333334, "validation accuracy": 0.8605833333333334, "train loss": 0.49896301608497395, "val loss": 0.5283213632616753, "_runtime": 739, "_timestamp": 1615407546, "_step": 9}