{"train accuracy": 0.10152083333333334, "validation accuracy": 0.09391666666666666, "train loss": 2.3004105919600577, "val loss": 2.3006099905442485, "_runtime": 1216, "_timestamp": 1615406593, "_step": 9}