{"train accuracy": 0.1008125, "validation accuracy": 0.09675, "train loss": 16.46348341384493, "val loss": 16.53716613686074, "_runtime": 521, "_timestamp": 1615404701, "_step": 3}