{"train accuracy": 0.8187083333333334, "validation accuracy": 0.81425, "train loss": 0.5472181759951829, "val loss": 0.5629341259742132, "_runtime": 25222, "_timestamp": 1615433654, "_step": 4}