{"train accuracy": 0.4774791666666667, "validation accuracy": 0.47575, "train loss": 1.6347511330770736, "val loss": 1.6346071634059163, "_runtime": 190, "_timestamp": 1615406794, "_step": 4}