{"train accuracy": 0.25446296296296295, "validation accuracy": 0.2465, "train loss": 2.442001558559296, "val loss": 2.4345920682734286, "_runtime": 80, "_timestamp": 1615403689, "_step": 0}