{"train accuracy": 0.7507222222222222, "validation accuracy": 0.75, "train loss": 0.7302128949405577, "val loss": 0.7254352008722353, "_runtime": 149, "_timestamp": 1615402359, "_step": 2}