{"train accuracy": 0.8209583333333333, "validation accuracy": 0.8205833333333333, "train loss": 0.5583350465292923, "val loss": 0.5625953969304558, "_runtime": 330, "_timestamp": 1615408421, "_step": 9}